question,answer
"Quora answer for the question: ""What are some less known facts about Mars?""","Its a cold inhospitable rock devoid of life. Moving there would be much worse than moving to Death Valley.
 And Elon is going to colonize Mars with billionaires that are afraid of little people. Lol.
"
"Quora answer for the question: ""What is issuing authority in a passport? What should I write in it?""","It's Regional Passport Office- Ministry of External Affair's India.
 U can check the issuing authority on ur passport. Its printed or stamped on first couple of Page's
"
"Quora answer for the question: ""What are the best wireless earphones under Rs 5,000?""","I had seen some bluetooth earphone and test them from which my choice is given
 The best bluetooth earphone in India is boult earbass,boat,samsung,vivo,oppo,on buget price
 These are earphone with best airbass good sound quality with better power backup on wired charging.
 They are long live bluetooth earphone
"
"Quora answer for the question: ""What are the must-have iPhone apps? Why?""",[LINKED_TEXT: https://techknowledge202122.blogspot.com/2023/04/www.iphone15.con.html] [URL: https://techknowledge202122.blogspot.com/2023/04/www.iphone15.con.html]
"Quora answer for the question: ""Which are the best over ear Bluetooth headphones under ‚Çπ5000?""","I had seen some bluetooth earphone and test them from which my choice is given
 The best bluetooth earphone in India is boult earbass,boat,samsung,vivo,oppo,on buget price
 These are earphone with best airbass good sound quality with better power backup on wired charging.
 They are long live bluetooth earphone
"
"Quora answer for the question: ""If you agree with Mitch McConnell and Paul Ryan that its time to cut Medicare, Medicaid, and Social Security because the deficit has skyrocketed, what percentage of cut to each program would you support?""","None. I'd expand the hell out of them and reform them to actually be worth something to the American people.
 Fuck the rich and fuck the corporations. They need to pay their fair share. The working class should not be funding it all. They're welcome to get as rich as they'd like to be, but they shouldn't be able to do it while paying almost nothing into the country that allows them to.
"
"Quora answer for the question: ""How do I transfer a Word document to a PDF?""","Hi Yes, so many ways..
 For example ilovePDF search this from Google..if you are interested than you can send me file i can convert the file into pdf.. just click this link
 https://www.fiverr.com/s2/13acbcec49
"
"Quora answer for the question: ""What are the best restaurants to try when visiting Bengaluru, Karnataka, India? What should you try while you're there?""","In Bangalore all restaurants are good at delicious foods. Empire, Tabala, Kasipu, 3b‚Äôs, Barbque Nation, Kritunga etc., I suggest these first
"
"Quora answer for the question: ""How often is a calculator used in pure math?""","Roughly never. It‚Äôs quite rare that I have a task that would be best resolved by computation, and if I do, my laptop together with a decent programming language is the superior choice all around. Some mathematicians have more use for coding; many have substantially less. I have yet to meet a mathematician that carried around a calculator with them, though.
"
"Quora answer for the question: ""What were German Emperor Frederick II‚Äôs influences on the World War?""","If you talk about Frederick II the Great, king of Prussia, his influence was zero. He passed 1786, 128 years before the outbreak of the First World War.
"
"Quora answer for the question: ""How well guarded are National Guard armory‚Äôs? With all the riots and looting going on, could they become targets for people looking for weapons?""","In possible high risk areas, the weapons have already been removed and taken to another place. Same thing for any military valuable gear or secret papers of any kind.
 If there is a NG armory in Kenosha, that building was cleaned out real fast almost as soon as the riots and looting began.
"
"Quora answer for the question: ""How do I cut a half-circle in wood? I want to make a marble track from my wood.""","How about this. Use a 1/8 inch round over in a router. Then you can freehand it and come up with an amazing design.
"
"Quora answer for the question: ""I got unauthorized administrative CMD on my school computer, what can I do and should I be worried?""","This ‚Äúunauthorized‚Äù administrator cmd is something I wouldn't worry about because even though you see it, you cannot use it. It will want an admin password which you do not have. It's an app that cannot be removed because it's needed if an administrator has to fix your computer.
 It's authorized to be there, you just aren't authorized to use it.
"
"Quora answer for the question: ""My partner of one month doesn‚Äôt like my therapy dog of 10 years. What should I do?""","You seriously need to immediately consider rehoming‚Ä¶
 Your therapy dog does not need to deal with that‚Ä¶
 So revoke your partner as soon as possible.
"
"Quora answer for the question: ""What is the best love story people can come up with in two sentences?""","He : Tell me a secret that you never shared with anyone.
 *
 The feelings I‚Äôve for you, she muttered.
Cia√≥
 [LINKED_TEXT: Nilesh Srivastav] [URL: https://www.quora.com/profile/Nilesh-Srivastav-7]
"
"Quora answer for the question: ""Do Westerners find it strange that Eastern countries that are modernized in technology, such as India, Pakistan, Singapore, China, Korea, Japan, etc. still have concepts of obedience to elders, family honor, social conformity and ancient tradition?""","Family is also important in the West
 Having lived in China for a long time I found that to be bullshizzle
 Some people are old fashioned, some people are modern. I find the old fashioned people who won't get married to someone with an unlucky name or marry someone unsuitable so that their dad can get some guangxi weird, but I find lots of English people weird as well
"
"Quora answer for the question: ""Are online schools worth it?""","At IVS, you can choose any of our programs for the PICK 6 program or Foundation program where one can choose a series of subjects according to their preference. At IVS, you can study at your own pace and time to suit your schedule
"
"Quora answer for the question: ""Should I repair my own rental properties or hire a contractor?""","I don‚Äôt know‚Ä¶ are you good with your hands? Is it just cosmetic? It‚Äôs usually best to do it yourself if you know what you are doing, and have the time.
"
"Quora answer for the question: ""What‚Äôs going on with all the fires in Russia? Is this sabotage? Ukrainian special forces? Something else?""","I have read that the local authorities have included it was sabotage. It is difficult to know who the saboteurs are. It is not unreasonable to believe that there are Russians who see the folly in this insane war. We don‚Äôt know but they have occurred all over the nation of Russia. Hard to see the point of ‚Äúfalse flag‚Äù operations. That doesn‚Äôt seem likely or make any sense.
"
"Quora answer for the question: ""Is the Indian economy going to hit a recession in the coming months?""","[LINKED_TEXT: IT software and services are going to be two big underpinning drivers in next 2 years: Naveen Mishra, ETCFO] [URL: https://tmtutorial.com/2023/07/20/it-software-and-services-are-going-to-be-two-big-underpinning-drivers-in-next-2-years-naveen-mishra-etcfo/]
"
"Quora answer for the question: ""What comes after video game graphics get as realistic as possible?""","Realistic control and multi-sensory feedback. Super VR, with smell, wind, heat etc.
 Realistic chemical simulation to allow for things like cooking or chemistry games.
"
"Quora answer for the question: ""What are the best color of loafers to buy that go with almost everything (jeans, chinos)?""","I've find a list of casual and formal/dress shoes that goes/match well with various styles of jeans.
 You can get away with wearing the wrong shirt or pants but you can never get away with wearing the wrong shoes.
"
"Quora answer for the question: ""Do we have the theory of everything? If yes, then what is the equation?""","What a conundrum the Theory of Everything is. We‚Äôre far from even understanding ‚Äòsomething‚Äô, let alone what we know to be everything. Still it‚Äôs entertaining to use our imaginative abilities in discovering ToE, because without it we‚Äôd still be primates.
"
"Quora answer for the question: ""My family wants to put my cat down. She started being sick a couple of weeks ago by throwing up and peeing everywhere. I don‚Äôt want to put her down. Will the veterinarian let me put my cat down even if she is not sick?""","Some vets will euthanize a healthy animal others won‚Äôt. If she is throwing up and peeing she is sick, and needs a vets help. perhaps your family want to put her down because they cannot afford care. or is she elderly?
"
"Quora answer for the question: ""When Jordan annexed the West Bank was there any Palestinian resistance against Jordanian rule? Was the Jordanian administration formally legalized?""","None called themselves Palestinians at that time.
 It was in 1964 PLO invented Arab Palestinians before that they were Arab, Syrians.
"
"Quora answer for the question: ""What is the best one liner you have written?""","We say the World is cruel. But, aren't we the World?Sometimes, the thing you treasure the most in life is the thing you regret the most. To fight for it or let it go?A world inside. A world outside. Victory is to win over the inside. Freedom is to be unaffected from outside.Look beyond something. Look within something.You can't always be a winner. But you can always be a Fighter.
"
"Quora answer for the question: ""What jobs can I get after a BA in criminology and forensic science?""","[LINKED_TEXT: What Is Criminology? Scope And Career Opportunities] [URL: https://www.careerindia.com/courses/unique-courses/what-is-criminology-scope-and-career-opportunities-020065.html]
"
"Quora answer for the question: ""Do owners of racing cars (Lamborghini, Audi, Ferrari, Porsche etc) drive them around every day like when going for shopping or when going at work? Do they always have to watch their cars when parked in public to not get scratched/damaged by someone?""","I drive a new Corvette which was over $100K. The next one will be approximately 20% more. When the weather is nice it is my daily driver. At stores I park it away from other vehicles. I like to walk so it‚Äôs a win win. I don‚Äôt understand having a high priced car and keep it parked in the garage except when going to a car show or something similar.
"
"Quora answer for the question: ""What is the formula for sport betting?""","If you need a best sports betting then I will recommend you a 1xbet. 1xbet give you 500$ on first deposite. click on the link join 1xbet.
[LINKED_TEXT: https://refpa23365.top/L?tag=d_1933095m_1622c_&site=1933095&ad=1622] [URL: https://refpa23365.top/L?tag=d_1933095m_1622c_&site=1933095&ad=1622]"
"Quora answer for the question: ""Why does my cat smell so good, despite me never giving him a bath in his entire life?""","Cats are masters at cleaning themselves when younger and in good health. They do smell distinctly good due to constant grooming.
"
"Quora answer for the question: ""What should writers know?""","‚ÄúWriting is a lonely job. Having someone who believes in you makes a lot of difference. They don't have to make speeches. Just believing is usually enough.‚Äù
Stephen King
"
"Quora answer for the question: ""If you quit Quora, do you think anyone would miss you?""","Probably not. I‚Äôm not that popular, and the only friend that I actually got to know on Quora, I play Minecraft with, so i‚Äôm Still in contact with him.
 Stay mighty,
 Piper
 üêè üêè üêè
"
"Quora answer for the question: ""What‚Äôs your favorite name for any machine learning algorithm?""","VAEGAN - variational autoencoder GAN, I‚Äôm not sure how it‚Äôs pronounced, I read it as ‚Äòvegan‚Äô.
 Restricted Boltzmann Machine also sounds cool, and also there is the fact that Boltzmann Machines are more complicated, so they aren‚Äôt defined in many resources, which makes RBM name origin confusing.
"
"Quora answer for the question: ""When is the right time to hire a virtual assistant for your Amazon Fba business?""","when your business is at his peak and its difficult to manage so you can hire a VA who can tackle all the things for or if you have investment but dont have a time to work so you can also hire a virtual assistent one of the most brillant VA is giving his services on Fiver so you can contact him if you want
 here is a link
[LINKED_TEXT: https://bit.ly/3MgWqhy] [URL: https://bit.ly/3MgWqhy]"
"Quora answer for the question: ""How much longer can the Russian economy sustain its war with Ukraine?""","It depends on how much debts the Russian government are going to incur as the war goes on. With revenues dipping and war expenses rolling on, there‚Äôs a high chance of the government running into a huge deficit in the near future.
"
"Quora answer for the question: ""What solutions should never be used to clean a flat TV screen?""","Almost all of them. Check the owners manual or call there customer service dept. to see what won't damage the screen
"
"Quora answer for the question: ""What brand countertop induction range do you use at home?""","Thanks for the A2A - but I have never cooked on an induction cook top.
 My personal preference is for natural gas‚Ä¶
"
"Quora answer for the question: ""Why don't elite soldiers and Navy SEALs have physiques like Dwayne Johnson or Vin Diesel?""","If you were to shoot Dwayne Johnson or Vin Diesel, they would be just as dead as anyone else.
 Don‚Äôt be fooled, those fights that you see on the screen are all choreographed and nobody actually gets hurt.
"
"Quora answer for the question: ""What is the biggest problem with the modern education system?""","Everything but specially the anti-intellectualism running rampant in the modern US.
 That shows in things like this.
"
"Quora answer for the question: ""Why is #ISRO trending on Twitter?""","Hare krishna.
 I will keep it short and to the point.
 ‚ÄúStop chasing and start realising truth‚Äù. ‚ÄúAccept the uncertainty and cherish the present‚Äù. Find your soul purpose !!
 Krishna sharnnam.üôè
"
"Quora answer for the question: ""When should you not use serverless?""","When the latency and costs become an issue, the idea is validated and you are more clear how it would look in terms of microservices. Akka Streams with Alpakka connectors are a cheaper faster alternative.
"
"Quora answer for the question: ""Who represents the GOP in 2021?""","Abbott and Desantis are getting all the ink These days, but there are quite a few knaves like Pence and Steve Bannon,and of course his braintrust,Donny and Ivanka.
"
"Quora answer for the question: ""Why is Java used widely for developing banking websites and applications?""","Java first languages in the all clouds, it is wrong whats java used only for banking projects.
 Java used because java stable and has predictive behavior. You can update your app from java 5 to 11 without any serious warnings.
"
"Quora answer for the question: ""Why would anyone need a gun with more than 10 rounds for concealed carry?""","Based upon the usage that I see lately, it's so that you can get more hits in a school shooting. Maybe be like Europe and just don't allow this shit at all. Americans tend to be simple-minded, ignorant, vicious and hateful.
"
"Quora answer for the question: ""I'm afraid and shy to talk to beautiful girls, what are some tips and cheats to overcome it?""","Fake it til you make it.
 Imagine yourself with a 12 inch member and a million dollar bank account. Now act like it.
"
"Quora answer for the question: ""Brie Larson wants to do an all female Avengers movie. Do you think there should be an all female Avengers movie and would you go watch it?""","Remember the all-female Ghostbusters? Like that but worse.
 It doesn‚Äôt matter though. They‚Äôll just cry misogyny with a dash of racism and if all else fails, they‚Äôll pull out the big guns: ‚ÄúWe were review bombed‚Äù.
 Sure. In the meantime, we will all just pretend review bombing can‚Äôt go both ways, as in positive review bombing.
"
"Quora answer for the question: ""What mobile app development companies are based in Chicago?""","Hi, actually we are based in Orlando, Flordia, but we can develop mobile apps anywhere in the USA. If you want to know more about us, please click here [LINKED_TEXT: Web, Mobile App & Software Development Company USA, CA] [URL: https://www.mindsparktechnologies.com/]
"
"Quora answer for the question: ""Was Rhodesia developing to be more inclusive, or was it doomed to follow SA's apartheid?""","I really don‚Äôt understand why you people try to justify colonization!!! A stolen land cannot be inclusive it could only be returned to its rightful owners
"
"Quora answer for the question: ""Would you vote me for president?""","If my choice was you random stranger or Joe biden I don't even know what country your from or criminal history. You could be some form of intelligent radioactive jello.
 I'd still vote for you over pedo joe.
"
"Quora answer for the question: ""Can we defeat Heisenberg's Uncertainty principle by having one person measure the particle's position, while another one measures its momentum, but the two people don't talk to each other, but give their results to a third party?""","The thing to bear in mind is that Heisenberg screwed up on his maths trying to calculate how much plutonium was needed for a nuclear bomb. Or the NAZIS would have had it before the Americans
"
